,BEARC,DPR_I,FOL_I,LK_MC,MILLE,N_HOG,N_MEL,OROVI,PRD-C,SAC_B,SMART
ACCESS1-0.rcp45,1.07626,0.88208,0.981158,0.876964,0.830887,0.969318,0.918982,1.05977,0.936735,0.987956,1.02298
ACCESS1-0.rcp85,0.712484,0.635993,0.699071,0.617236,0.584107,0.656671,0.67722,0.721788,0.666777,0.724967,0.743637
CanESM2.rcp45,1.25531,1.13931,1.13841,1.15036,1.10915,1.11601,1.1052,1.22798,1.10648,1.1649,1.14979
CanESM2.rcp85,1.63789,1.57783,1.35713,1.63366,1.64704,1.43588,1.41662,1.4711,1.37962,1.31918,1.35587
CCSM4.rcp45,1.09083,1.00933,1.00773,0.998199,0.972216,1.00407,0.990271,1.07673,1.00362,1.12553,1.0297
CCSM4.rcp85,1.1577,1.07205,1.01926,1.0399,1.00227,1.02301,1.01587,1.09999,1.00383,1.07779,1.03719
CESM1-BGC.rcp45,1.242,1.23831,1.12401,1.27554,1.22541,1.23827,1.17758,1.20242,1.14814,1.13808,1.10567
CESM1-BGC.rcp85,1.49857,1.47756,1.34317,1.5148,1.49496,1.44633,1.384,1.35906,1.36135,1.21924,1.27724
CMCC-CMS.rcp45,0.939972,0.920415,0.969004,0.908879,0.84174,0.931147,0.928757,1.01652,0.928154,1.02062,0.991956
CMCC-CMS.rcp85,0.903134,0.855103,0.873464,0.833504,0.798441,0.830123,0.851072,0.951095,0.839716,0.910546,0.913005
CNRM-CM5.rcp45,1.40632,1.24644,1.23921,1.23932,1.23558,1.26762,1.23147,1.3634,1.25267,1.26515,1.2598
CNRM-CM5.rcp85,1.5823,1.38737,1.30435,1.37017,1.37016,1.29147,1.29379,1.46799,1.284,1.33406,1.32461
GFDL-CM3.rcp45,0.941348,0.93811,0.942495,0.932629,0.907781,0.899688,0.927087,0.981926,0.923,0.963258,0.958007
GFDL-CM3.rcp85,0.826501,0.817641,0.829775,0.80203,0.763818,0.773025,0.802229,0.882228,0.795068,0.861859,0.843032
HadGEM2-CC.rcp45,0.898367,0.862571,0.889928,0.872752,0.833485,0.873015,0.882474,0.897602,0.887278,0.887267,0.902036
HadGEM2-CC.rcp85,0.889424,0.77903,0.828814,0.772654,0.724307,0.786595,0.787221,0.907658,0.779808,0.866902,0.871846
HadGEM2-ES.rcp45,0.819437,0.860754,0.82395,0.862832,0.830221,0.810866,0.849103,0.818148,0.846232,0.766075,0.838492
HadGEM2-ES.rcp85,0.975859,0.92137,0.90862,0.955334,0.882456,0.903736,0.91257,0.971748,0.915764,0.881366,0.952569
MIROC5.rcp45,0.764041,0.722863,0.783037,0.70207,0.650066,0.727904,0.741385,0.80687,0.75323,0.81921,0.831598
MIROC5.rcp85,0.921912,0.84784,0.896674,0.797324,0.730702,0.847461,0.855258,0.929916,0.857199,0.932722,0.926225
